{"753657917554557128": {"dm": "True", "AFK": "True", "reason": "I am afk", "time": 1683006394, "mentions": 0, "guild": []}, "846229333981790280": {"dm": "True", "AFK": "True", "reason": "batch", "time": 1682834178, "mentions": 0, "guild": []}, "763372211775602758": {"dm": "True", "AFK": "True", "reason": "I am afk", "time": 1683210876, "mentions": 3, "guild": []}, "847770840266833961": {"dm": "True", "AFK": "True", "reason": "I am afk", "time": 1683181938, "mentions": 1, "guild": []}, "877426834009096202": {"dm": "True", "AFK": "True", "reason": "I am afk", "time": 1683819179, "mentions": 0, "guild": []}, "985511137963552868": {"dm": "True", "AFK": "True", "reason": "muje", "time": 1685348732, "mentions": 0, "guild": []}, "992385720369029251": {"dm": "True", "AFK": "True", "reason": "fuck u all", "time": 1685173453, "mentions": 1, "guild": [1095621535659741346]}, "968788603268370462": {"dm": "False", "AFK": "True", "reason": "left raiding / rt", "time": 1685197014, "mentions": 0, "guild": []}, "668395048253128714": {"dm": "True", "AFK": "True", "reason": "I am afk", "time": 1690360645, "mentions": 0, "guild": []}}