{
    "1101372536412971038": {
        "prize": "Ftgh",
        "host": 753657917554557128,
        "winners": 1,
        "end_time": 1682658655,
        "channel_id": 1095375408398078044,
        "button_id": "bot-cmd",
        "link": "https://discord.com/channels/1090715925247963149/1095375408398078044/1101372536412971038",
        "ended": true
    },
    "1101373169572519936": {
        "prize": "Ef",
        "host": 753657917554557128,
        "winners": 1,
        "end_time": 1682658217,
        "channel_id": 1095375408398078044,
        "button_id": "bot-cmd",
        "link": "https://discord.com/channels/1090715925247963149/1095375408398078044/1101373169572519936",
        "ended": true
    },
    "1101373589707567145": {
        "prize": "Ewf",
        "host": 753657917554557128,
        "winners": 1,
        "end_time": 1682658330,
        "channel_id": 1095375408398078044,
        "button_id": "bot-cmd",
        "link": "https://discord.com/channels/1090715925247963149/1095375408398078044/1101373589707567145",
        "ended": true
    },
    "1101373729969279078": {
        "prize": "Wef",
        "host": 753657917554557128,
        "winners": 1,
        "end_time": 1682658402,
        "channel_id": 1095375408398078044,
        "button_id": "bot-cmd",
        "link": "https://discord.com/channels/1090715925247963149/1095375408398078044/1101373729969279078",
        "ended": true
    },
    "1101378160647471205": {
        "prize": "Esf",
        "host": 753657917554557128,
        "winners": 1,
        "end_time": 1682659449,
        "channel_id": 1095375408398078044,
        "button_id": "bot-cmd",
        "link": "https://discord.com/channels/1090715925247963149/1095375408398078044/1101378160647471205",
        "ended": true
    },
    "1101380653100056586": {
        "prize": "Rsg",
        "host": 753657917554557128,
        "winners": 1,
        "end_time": 1682659999,
        "channel_id": 1095375408398078044,
        "button_id": "bot-cmd",
        "link": "https://discord.com/channels/1090715925247963149/1095375408398078044/1101380653100056586",
        "ended": true
    },
    "1101382205399375902": {
        "prize": "Nitro",
        "host": 753657917554557128,
        "winners": 1,
        "end_time": 1682660367,
        "channel_id": 1095375408398078044,
        "button_id": "bot-cmd",
        "link": "https://discord.com/channels/1090715925247963149/1095375408398078044/1101382205399375902",
        "ended": true
    },
    "1101383662483804181": {
        "prize": "Sdf",
        "host": 753657917554557128,
        "winners": 1,
        "end_time": 1682660751,
        "channel_id": 1095375408398078044,
        "button_id": "bot-cmd",
        "link": "https://discord.com/channels/1090715925247963149/1095375408398078044/1101383662483804181",
        "ended": true
    },
    "1101386190432763914": {
        "prize": "Nitro",
        "host": 753657917554557128,
        "winners": 1,
        "end_time": 1682661355,
        "channel_id": 1095375408398078044,
        "button_id": "bot-cmd",
        "link": "https://discord.com/channels/1090715925247963149/1095375408398078044/1101386190432763914",
        "ended": true
    },
    "1101387260961767456": {
        "prize": "Nitro",
        "host": 753657917554557128,
        "winners": 1,
        "end_time": 1682661674,
        "channel_id": 1095375408398078044,
        "button_id": "bot-cmd",
        "link": "https://discord.com/channels/1090715925247963149/1095375408398078044/1101387260961767456",
        "ended": true
    },
    "1101476040494305291": {
        "prize": "Nitro",
        "host": 753657917554557128,
        "winners": 1,
        "end_time": 1682682742,
        "channel_id": 1051179712032018473,
        "button_id": "setup",
        "link": "https://discord.com/channels/909112898956177478/1051179712032018473/1101476040494305291",
        "ended": true
    },
    "1101476301858160741": {
        "prize": "Nitro",
        "host": 753657917554557128,
        "winners": 2,
        "end_time": 1682683085,
        "channel_id": 1051179712032018473,
        "button_id": "setup",
        "link": "https://discord.com/channels/909112898956177478/1051179712032018473/1101476301858160741",
        "ended": true
    },
    "1101526391880683631": {
        "prize": "Nitro",
        "host": 1073633107326017657,
        "winners": 1,
        "end_time": 1682694724,
        "channel_id": 1095648608579239983,
        "button_id": "\ud83c\udf41\u2502\u0274\u026a\u1d1b\u0280\u1d0f-\u0299\u1d0f\u1d0f\ua731\u1d1b\u1d07\u0280",
        "link": "https://discord.com/channels/1095648608109461596/1095648608579239983/1101526391880683631",
        "ended": true
    },
    "1101716131514949662": {
        "prize": "Loda",
        "host": 1031108139803742238,
        "winners": 1,
        "end_time": 1682740043,
        "channel_id": 1096824514266009683,
        "button_id": "general",
        "link": "https://discord.com/channels/1096824514266009680/1096824514266009683/1101716131514949662",
        "ended": true
    },
    "1102537975520305173": {
        "prize": "Nitro",
        "host": 753657917554557128,
        "winners": 1,
        "end_time": 1682935970,
        "channel_id": 1092004715522428948,
        "button_id": "welcome",
        "link": "https://discord.com/channels/1090715925247963149/1092004715522428948/1102537975520305173",
        "ended": true
    },
    "1102540322824790176": {
        "prize": "Df",
        "host": 753657917554557128,
        "winners": 1,
        "end_time": 1682937066,
        "channel_id": 1092004715522428948,
        "button_id": "welcome",
        "link": "https://discord.com/channels/1090715925247963149/1092004715522428948/1102540322824790176",
        "ended": true
    },
    "1102604601959665724": {
        "prize": "Nitro",
        "host": 753657917554557128,
        "winners": 1,
        "end_time": 1682951857,
        "channel_id": 1102604446745243719,
        "button_id": "ticket-0002",
        "link": "https://discord.com/channels/909112898956177478/1102604446745243719/1102604601959665724",
        "ended": true
    },
    "1103354932142297109": {
        "prize": "Nitro Boost Test",
        "host": 847770840266833961,
        "winners": 1,
        "end_time": 1683130750,
        "channel_id": 1073486337732268095,
        "button_id": "general",
        "link": "https://discord.com/channels/1073486337732268092/1073486337732268095/1103354932142297109",
        "ended": true
    },
    "1103377208761921606": {
        "prize": "Test",
        "host": 847770840266833961,
        "winners": 1,
        "end_time": 1683136064,
        "channel_id": 1073486337732268095,
        "button_id": "general",
        "link": "https://discord.com/channels/1073486337732268092/1073486337732268095/1103377208761921606",
        "ended": true
    },
    "1103466889751048313": {
        "prize": "Teysh",
        "host": 847770840266833961,
        "winners": 1,
        "end_time": 1683157509,
        "channel_id": 1073486337732268095,
        "button_id": "general",
        "link": "https://discord.com/channels/1073486337732268092/1073486337732268095/1103466889751048313",
        "ended": true
    },
    "1103564879606075403": {
        "prize": "100K Owo",
        "host": 763372211775602758,
        "winners": 1,
        "end_time": 1683180809,
        "channel_id": 1099918269974073384,
        "button_id": "music-bot-log",
        "link": "https://discord.com/channels/1099913622244835358/1099918269974073384/1103564879606075403",
        "ended": true
    },
    "1103669420519342131": {
        "prize": "100K Owo",
        "host": 763372211775602758,
        "winners": 1,
        "end_time": 1683205683,
        "channel_id": 1099918269974073384,
        "button_id": "music-bot-log",
        "link": "https://discord.com/channels/1099913622244835358/1099918269974073384/1103669420519342131",
        "ended": true
    },
    "1105734190454026270": {
        "prize": "Gift",
        "host": 877426834009096202,
        "winners": 1,
        "end_time": 1683698013,
        "channel_id": 1103961663910187029,
        "button_id": "bhencod",
        "link": "https://discord.com/channels/1101523239202725969/1103961663910187029/1105734190454026270",
        "ended": true
    },
    "1107489150061518968": {
        "prize": "Nitro Boost",
        "host": 985511137963552868,
        "winners": 1,
        "end_time": 1684116383,
        "channel_id": 1091677493783691265,
        "button_id": "general",
        "link": "https://discord.com/channels/1091677491422298142/1091677493783691265/1107489150061518968",
        "ended": true
    },
    "1114741675588325477": {
        "prize": "Gstart 5M 1W Mcfa",
        "host": 668395048253128714,
        "winners": 1,
        "end_time": 1685846063,
        "channel_id": 1110969837041242232,
        "button_id": "\ud83c\udf90\u30fbcmd",
        "link": "https://discord.com/channels/1104468143172235436/1110969837041242232/1114741675588325477",
        "ended": true
    }
}