{
    "1067760055853785098": {
        "channel": []
    },
    "1090715925247963149": {
        "channel": []
    },
    "945826539222745168": {
        "channel": []
    },
    "949977417177505792": {
        "channel": []
    },
    "1076233132149325985": {
        "channel": []
    },
    "877276106745593926": {
        "channel": []
    },
    "997122624385720370": {
        "channel": []
    },
    "1059671596681404436": {
        "channel": []
    },
    "1039896503549968428": {
        "channel": []
    },
    "1084181888664604702": {
        "channel": []
    },
    "1059713157582565416": {
        "channel": []
    },
    "1096824514266009680": {
        "channel": []
    },
    "1059738606249463859": {
        "channel": []
    },
    "909112898956177478": {
        "channel": [
            1088829317515063306
        ]
    },
    "1059713141564514374": {
        "channel": []
    },
    "1059704838407073863": {
        "channel": []
    },
    "1059705014035169280": {
        "channel": []
    },
    "1039851870480511058": {
        "channel": []
    },
    "1039851269084434483": {
        "channel": []
    },
    "999915670349299752": {
        "channel": []
    },
    "1026134127512129676": {
        "channel": []
    },
    "1084480309065699368": {
        "channel": []
    },
    "1083555619304394783": {
        "channel": []
    },
    "1009423044063789057": {
        "channel": []
    },
    "1093575002265243740": {
        "channel": []
    },
    "1013857318032650300": {
        "channel": []
    },
    "1059565369871826944": {
        "channel": []
    },
    "1004357491246764142": {
        "channel": []
    },
    "1059565159598784643": {
        "channel": []
    },
    "1039932485506699364": {
        "channel": []
    },
    "1039849748036857866": {
        "channel": []
    },
    "1052216049904406568": {
        "channel": []
    },
    "1085140243340087307": {
        "channel": []
    },
    "918306711759126588": {
        "channel": []
    },
    "1087642498576424974": {
        "channel": []
    },
    "1059671217394688040": {
        "channel": []
    },
    "1022560606928240762": {
        "channel": []
    },
    "1059671410471092264": {
        "channel": []
    },
    "1005882198580281445": {
        "channel": []
    },
    "1050036720298639410": {
        "channel": []
    },
    "877837063532191775": {
        "channel": []
    },
    "972808867182424085": {
        "channel": []
    },
    "1083553721381814272": {
        "channel": []
    },
    "1059564800742531132": {
        "channel": []
    },
    "871816665128636417": {
        "channel": []
    },
    "1059713051554742322": {
        "channel": []
    },
    "846883824885563442": {
        "channel": []
    },
    "1059565518559920169": {
        "channel": []
    },
    "1059713068168392754": {
        "channel": []
    },
    "1078374846523781253": {
        "channel": []
    },
    "1059738604907266058": {
        "channel": []
    },
    "1059744790603890688": {
        "channel": []
    },
    "1059738481993187428": {
        "channel": []
    },
    "1059745207026982922": {
        "channel": []
    },
    "1048854754798874734": {
        "channel": []
    },
    "1004715758942683246": {
        "channel": []
    },
    "997868329094103100": {
        "channel": []
    },
    "1036324344630091818": {
        "channel": []
    },
    "1048609877657919518": {
        "channel": []
    },
    "1031028540331802724": {
        "channel": []
    },
    "1036324471704924262": {
        "channel": []
    },
    "1036324391522414612": {
        "channel": []
    },
    "1096759763901108326": {
        "channel": []
    },
    "1098618573305421836": {
        "channel": []
    },
    "908299536399757322": {
        "channel": []
    },
    "1010531336240500806": {
        "channel": []
    },
    "986982756699504651": {
        "channel": []
    },
    "975876203544195093": {
        "channel": []
    },
    "1003327394305806396": {
        "channel": []
    },
    "991310342405754890": {
        "channel": []
    },
    "1005511863733334137": {
        "channel": []
    },
    "1030735959924416552": {
        "channel": []
    },
    "990767667520606238": {
        "channel": []
    },
    "1023638782433575074": {
        "channel": []
    },
    "1017082636809805854": {
        "channel": []
    },
    "1058444835851350026": {
        "channel": []
    },
    "1058442740762943488": {
        "channel": []
    },
    "1058442684890632323": {
        "channel": []
    },
    "1058444811306274927": {
        "channel": []
    },
    "1058442768948670484": {
        "channel": []
    },
    "1058442815509639208": {
        "channel": []
    },
    "1058442791077822587": {
        "channel": []
    },
    "1065683676014317691": {
        "channel": []
    },
    "1095648608109461596": {
        "channel": []
    },
    "333949691962195969": {
        "channel": []
    },
    "1021919716152975450": {
        "channel": []
    },
    "1077505288531345488": {
        "channel": []
    },
    "1099962263319892008": {
        "channel": []
    },
    "1100390848358797462": {
        "channel": []
    },
    "1094600284761768049": {
        "channel": []
    },
    "886279301996109914": {
        "channel": []
    },
    "780054595928981514": {
        "channel": []
    },
    "853274104067784745": {
        "channel": []
    },
    "1013907650158796812": {
        "channel": []
    },
    "892311236878934016": {
        "channel": []
    },
    "922825626912690176": {
        "channel": []
    },
    "1067845408082116668": {
        "channel": []
    },
    "1087986827476095038": {
        "channel": []
    },
    "1008362353705881671": {
        "channel": []
    },
    "1034016091464269834": {
        "channel": []
    },
    "978892609235861514": {
        "channel": []
    },
    "1056495870570405908": {
        "channel": []
    },
    "920970253784219679": {
        "channel": []
    },
    "703967135961055314": {
        "channel": []
    },
    "1054084265702346813": {
        "channel": []
    },
    "1022508180644843620": {
        "channel": []
    },
    "1048460030137086002": {
        "channel": []
    },
    "1058448136634388560": {
        "channel": []
    },
    "1078405930523308032": {
        "channel": []
    },
    "1058446182977912843": {
        "channel": []
    },
    "840274281626599444": {
        "channel": []
    },
    "1047229765519679568": {
        "channel": []
    },
    "944496398429208587": {
        "channel": []
    },
    "981440310771089438": {
        "channel": []
    },
    "977598888280195152": {
        "channel": []
    },
    "1058446157895974953": {
        "channel": []
    },
    "946707483492249656": {
        "channel": []
    },
    "1076182382635405362": {
        "channel": []
    },
    "963384250235764756": {
        "channel": []
    },
    "1038777165958893568": {
        "channel": []
    },
    "979463415909208114": {
        "channel": []
    },
    "1031912659483893812": {
        "channel": []
    },
    "525370590413062144": {
        "channel": []
    },
    "1038777215715905556": {
        "channel": []
    },
    "1073924866782281818": {
        "channel": []
    },
    "1058448070070784100": {
        "channel": []
    },
    "794809225996927046": {
        "channel": []
    },
    "1069270872071880815": {
        "channel": []
    },
    "1058448160076345434": {
        "channel": []
    },
    "1036139370278830151": {
        "channel": []
    },
    "1034509828644687912": {
        "channel": []
    },
    "1064594687245160458": {
        "channel": []
    },
    "1059545931118280786": {
        "channel": []
    },
    "1051201947157418094": {
        "channel": []
    },
    "1058446109313351770": {
        "channel": []
    },
    "1058444882768830557": {
        "channel": []
    },
    "865535120046686208": {
        "channel": []
    },
    "1093760652885118976": {
        "channel": []
    },
    "1073486337732268092": {
        "channel": []
    },
    "1099913622244835358": {
        "channel": []
    },
    "1098374251293192273": {
        "channel": []
    },
    "1091851626861576272": {
        "channel": []
    },
    "1092052613840777298": {
        "channel": []
    },
    "1089201476238315681": {
        "channel": []
    },
    "1095155447574564906": {
        "channel": []
    },
    "1095155673215553586": {
        "channel": []
    },
    "1095057815367847966": {
        "channel": []
    },
    "1095059813018386432": {
        "channel": []
    },
    "1032253204722892890": {
        "channel": []
    },
    "1095051415862399077": {
        "channel": []
    },
    "1051560070183391285": {
        "channel": []
    },
    "1101431415993810974": {
        "channel": []
    },
    "1095155727858925578": {
        "channel": []
    },
    "1095051958391414874": {
        "channel": []
    },
    "1095152651005591602": {
        "channel": []
    },
    "984253767031619664": {
        "channel": []
    },
    "1095047576417476618": {
        "channel": []
    },
    "926432957189726249": {
        "channel": []
    },
    "1095052911542800485": {
        "channel": []
    },
    "1095059076548939857": {
        "channel": []
    },
    "1100269490891137106": {
        "channel": []
    },
    "1095057081528234134": {
        "channel": []
    },
    "1095060627023732836": {
        "channel": []
    },
    "1095052857188810873": {
        "channel": []
    },
    "1049603494803415070": {
        "channel": []
    },
    "1095060363126521856": {
        "channel": []
    },
    "1095155354083541024": {
        "channel": []
    },
    "1095052241347563685": {
        "channel": []
    },
    "1010206351802245130": {
        "channel": []
    },
    "922507781561540768": {
        "channel": []
    },
    "1095061433403842680": {
        "channel": []
    },
    "995658892069572739": {
        "channel": []
    },
    "1095153365371076650": {
        "channel": []
    },
    "787725745723408455": {
        "channel": []
    },
    "1095061123155365978": {
        "channel": []
    },
    "878574136421646376": {
        "channel": []
    },
    "1095152592323104778": {
        "channel": []
    },
    "1095060208792916038": {
        "channel": []
    },
    "1095050132799627394": {
        "channel": []
    },
    "1095058764580782090": {
        "channel": []
    },
    "903713535782170634": {
        "channel": []
    },
    "1095051471042654248": {
        "channel": []
    },
    "1095155923133137008": {
        "channel": []
    },
    "1095039562989961369": {
        "channel": []
    },
    "1058444860341887068": {
        "channel": []
    },
    "1095057420243439726": {
        "channel": []
    },
    "1095060739372359823": {
        "channel": []
    },
    "1095061487908835379": {
        "channel": []
    },
    "1095051629130162226": {
        "channel": []
    },
    "1057997988682813490": {
        "channel": []
    },
    "1095152711944646757": {
        "channel": []
    },
    "1095052295235960843": {
        "channel": []
    },
    "1095059869805056051": {
        "channel": []
    },
    "1095061686915956747": {
        "channel": []
    },
    "1095061291061760131": {
        "channel": []
    },
    "1095051105630699560": {
        "channel": []
    },
    "1095057522374742087": {
        "channel": []
    },
    "1010839726191812658": {
        "channel": []
    },
    "1101396404867448853": {
        "channel": []
    },
    "898234397675909170": {
        "channel": []
    },
    "1095060968955985940": {
        "channel": []
    },
    "1042776383803375667": {
        "channel": []
    },
    "1095290942568812544": {
        "channel": []
    },
    "1095052491927867462": {
        "channel": []
    },
    "1095059018776584385": {
        "channel": []
    },
    "1095061235990536242": {
        "channel": []
    },
    "1095059422155378799": {
        "channel": []
    },
    "1095291000659910786": {
        "channel": []
    },
    "1095061585250222204": {
        "channel": []
    },
    "931124176662700104": {
        "channel": []
    },
    "1095057617753227304": {
        "channel": []
    },
    "1095152987590103240": {
        "channel": []
    },
    "1095051317942161488": {
        "channel": []
    },
    "1095059363590312086": {
        "channel": []
    },
    "899592521750036550": {
        "channel": []
    },
    "1095059714053783582": {
        "channel": []
    },
    "1095059924448461002": {
        "channel": []
    },
    "1010841412247502939": {
        "channel": []
    },
    "1095039675653181490": {
        "channel": []
    },
    "1095060262303826043": {
        "channel": []
    },
    "1095058666878672978": {
        "channel": []
    },
    "1095050611294220401": {
        "channel": []
    },
    "1095058382232231936": {
        "channel": []
    },
    "1095152925086593135": {
        "channel": []
    },
    "1095052717325549588": {
        "channel": []
    },
    "1095059220241592363": {
        "channel": []
    },
    "1095057869688275094": {
        "channel": []
    },
    "1095058524075200592": {
        "channel": []
    },
    "1095039729524822016": {
        "channel": []
    },
    "998823335246966794": {
        "channel": []
    },
    "1095061180516675777": {
        "channel": []
    },
    "1095153137284829264": {
        "channel": []
    },
    "1095057969579827240": {
        "channel": []
    },
    "1092482718681530459": {
        "channel": []
    },
    "1010840707331788841": {
        "channel": []
    },
    "1097539502962135191": {
        "channel": []
    },
    "1095058918939562014": {
        "channel": []
    },
    "1095152868706758726": {
        "channel": []
    },
    "834112382057054299": {
        "channel": []
    },
    "1033997429885894687": {
        "channel": []
    },
    "1095056891329122335": {
        "channel": []
    },
    "1095052393881813072": {
        "channel": []
    },
    "1095051529318301786": {
        "channel": []
    },
    "1095061785142362183": {
        "channel": []
    },
    "1095050904899682404": {
        "channel": []
    },
    "1059870412500107485": {
        "channel": []
    },
    "991924767982633021": {
        "channel": []
    },
    "1095060417472110592": {
        "channel": []
    },
    "1095060683093192787": {
        "channel": []
    },
    "1095059659431358504": {
        "channel": []
    },
    "1095153083262189678": {
        "channel": []
    },
    "1095051044964274227": {
        "channel": []
    },
    "849911467439816714": {
        "channel": []
    },
    "1095039830079045755": {
        "channel": []
    },
    "1095155870830186588": {
        "channel": []
    },
    "1102869457631707156": {
        "channel": []
    },
    "1095059978672423013": {
        "channel": []
    },
    "1095058239110000730": {
        "channel": []
    },
    "1095060572359368900": {
        "channel": []
    },
    "1095057365830750278": {
        "channel": []
    },
    "1095060519242694758": {
        "channel": []
    },
    "1095050667757932624": {
        "channel": []
    },
    "1088509925833056337": {
        "channel": []
    },
    "1095155122289508582": {
        "channel": []
    },
    "1095057760212754603": {
        "channel": []
    },
    "978537738078916628": {
        "channel": []
    },
    "1095051202783346888": {
        "channel": []
    },
    "978514752529629204": {
        "channel": []
    },
    "1095050254488981524": {
        "channel": []
    },
    "912628594310791210": {
        "channel": []
    },
    "1095061024937345034": {
        "channel": []
    },
    "1095051774072717414": {
        "channel": []
    },
    "1095052187861798912": {
        "channel": []
    },
    "1058448114291314739": {
        "channel": []
    },
    "1095059476622610482": {
        "channel": []
    },
    "1095155819739369522": {
        "channel": []
    },
    "1011640118114787430": {
        "channel": []
    },
    "1095058861729271943": {
        "channel": []
    },
    "1032274764326240346": {
        "channel": []
    },
    "978666102173352038": {
        "channel": []
    },
    "1095057268640329848": {
        "channel": []
    },
    "1021102500104917022": {
        "channel": []
    },
    "1091383097427230720": {
        "channel": []
    },
    "1080557560467296417": {
        "channel": []
    },
    "1095049648873418904": {
        "channel": []
    },
    "1095154723025342575": {
        "channel": []
    },
    "1058446134462386236": {
        "channel": []
    },
    "1095050803988922468": {
        "channel": []
    },
    "930646593428930581": {
        "channel": []
    },
    "1030814626025328661": {
        "channel": []
    },
    "1074000487579394198": {
        "channel": []
    },
    "1075245646480683038": {
        "channel": []
    },
    "1076785229492142121": {
        "channel": []
    },
    "1091677491422298142": {
        "channel": []
    },
    "1097054412641423380": {
        "channel": []
    },
    "1099216991660818504": {
        "channel": []
    },
    "1101523239202725969": {
        "channel": []
    },
    "1103237481836593173": {
        "channel": []
    },
    "1104958463295098971": {
        "channel": []
    },
    "1107240925505277994": {
        "channel": []
    },
    "922139346524590143": {
        "channel": []
    },
    "1016695945641070654": {
        "channel": []
    },
    "1035824628351901746": {
        "channel": []
    },
    "1071796759677907006": {
        "channel": []
    },
    "1073324834706161694": {
        "channel": []
    },
    "1079207725071859752": {
        "channel": []
    },
    "1081574456306180186": {
        "channel": []
    },
    "1087397186179965029": {
        "channel": []
    },
    "1087647069319200778": {
        "channel": []
    },
    "1091375504000565339": {
        "channel": []
    },
    "1095017922298122260": {
        "channel": []
    },
    "1095692424866693230": {
        "channel": []
    },
    "1096357962819305534": {
        "channel": []
    },
    "1099306638625746986": {
        "channel": []
    },
    "1076761717889060894": {
        "channel": []
    },
    "1040879452801994772": {
        "channel": []
    },
    "1084055460396679209": {
        "channel": []
    },
    "1030614317231505428": {
        "channel": []
    },
    "865308152357322775": {
        "channel": []
    },
    "1098908992337621042": {
        "channel": []
    },
    "988076098657071174": {
        "channel": []
    },
    "994921262151380992": {
        "channel": []
    },
    "1030809205034201181": {
        "channel": []
    },
    "1092058229518893066": {
        "channel": []
    },
    "1043130938361651260": {
        "channel": []
    },
    "1009454884925476924": {
        "channel": []
    },
    "1023983265465512107": {
        "channel": []
    },
    "1104636495597408357": {
        "channel": []
    },
    "1094602837507461172": {
        "channel": []
    },
    "1101470109513568426": {
        "channel": []
    },
    "1093118393252581386": {
        "channel": []
    },
    "1088018990250590240": {
        "channel": []
    },
    "1101061810439852122": {
        "channel": []
    },
    "1097853089039523850": {
        "channel": []
    },
    "1061562997656535071": {
        "channel": []
    },
    "1000686583692931153": {
        "channel": []
    },
    "1082611254205624340": {
        "channel": []
    },
    "956133405458841610": {
        "channel": []
    },
    "1069939918073237534": {
        "channel": []
    },
    "1087846699684347986": {
        "channel": []
    },
    "1107710910656675850": {
        "channel": []
    },
    "1099336157453635657": {
        "channel": []
    },
    "957010080270803034": {
        "channel": []
    },
    "1076261370456182794": {
        "channel": []
    },
    "1094691006487724153": {
        "channel": []
    },
    "1101330241164689468": {
        "channel": []
    },
    "1089901113714688093": {
        "channel": []
    },
    "1084749609643036722": {
        "channel": []
    },
    "1077246299096760431": {
        "channel": []
    },
    "1090947646363017216": {
        "channel": []
    },
    "1096110471100252181": {
        "channel": []
    },
    "971673288596160603": {
        "channel": []
    },
    "1093105649954586654": {
        "channel": []
    },
    "1101755331702431745": {
        "channel": []
    },
    "1079000975836188732": {
        "channel": []
    },
    "1088677952889294858": {
        "channel": []
    },
    "1025991962391744624": {
        "channel": []
    },
    "1093367851332673637": {
        "channel": []
    },
    "1086495961490145400": {
        "channel": []
    },
    "981552605677387807": {
        "channel": []
    },
    "1072877436812935208": {
        "channel": []
    },
    "1094122702756909090": {
        "channel": []
    },
    "1087381026021580890": {
        "channel": []
    },
    "1104317487354486845": {
        "channel": []
    },
    "1095806423138574580": {
        "channel": []
    },
    "1080143119774908577": {
        "channel": []
    },
    "1099652615077384223": {
        "channel": []
    },
    "1040670898316922984": {
        "channel": []
    },
    "1104424191937220700": {
        "channel": []
    },
    "1095621535659741346": {
        "channel": []
    },
    "1083808835480854579": {
        "channel": []
    },
    "1104296263714881608": {
        "channel": []
    },
    "880115028831928351": {
        "channel": []
    },
    "1112620903411486791": {
        "channel": []
    },
    "1112753397452505230": {
        "channel": []
    },
    "1105358916281446430": {
        "channel": []
    },
    "1110419628984893490": {
        "channel": []
    },
    "1114411585759350864": {
        "channel": []
    },
    "1096112971786223637": {
        "channel": []
    },
    "1101882008998776862": {
        "channel": []
    },
    "1102155883401711629": {
        "channel": []
    },
    "1104468143172235436": {
        "channel": []
    },
    "1068877315796373524": {
        "channel": []
    },
    "1122544400883515454": {
        "channel": []
    },
    "698361548640354475": {
        "channel": []
    },
    "768896726332997644": {
        "channel": []
    },
    "1113928498730500176": {
        "channel": []
    },
    "1117835721219248148": {
        "channel": []
    },
    "1129168359808847933": {
        "channel": []
    },
    "1123968182953201714": {
        "channel": []
    },
    "1045261820170096721": {
        "channel": []
    },
    "1103197562095288322": {
        "channel": []
    },
    "962778822967717959": {
        "channel": []
    },
    "1112001245977256039": {
        "channel": []
    },
    "1087344463506046976": {
        "channel": []
    },
    "918020468789874698": {
        "channel": []
    },
    "1068961437092941835": {
        "channel": []
    },
    "1130450411137024071": {
        "channel": []
    },
    "1102050501970907247": {
        "channel": []
    },
    "235730572809338880": {
        "channel": []
    },
    "1079111470803075172": {
        "channel": []
    },
    "1087105762003783791": {
        "channel": []
    },
    "1119665075922423808": {
        "channel": []
    },
    "1099308470127296573": {
        "channel": []
    },
    "987235625184952320": {
        "channel": []
    },
    "1124428204145381417": {
        "channel": []
    },
    "1130449980147122208": {
        "channel": []
    },
    "1111336036186996776": {
        "channel": []
    },
    "790990826250698844": {
        "channel": []
    },
    "1113156596118339594": {
        "channel": []
    },
    "731837193798287400": {
        "channel": []
    },
    "1121979148714377238": {
        "channel": []
    },
    "1096024409736761365": {
        "channel": []
    },
    "1119076279388479579": {
        "channel": []
    },
    "893513518345756722": {
        "channel": []
    },
    "1068962180516548669": {
        "channel": []
    },
    "1092867011916353617": {
        "channel": []
    },
    "1048639857586614453": {
        "channel": []
    },
    "1111134503482691586": {
        "channel": []
    },
    "1104849814992207943": {
        "channel": []
    },
    "1132638155242229803": {
        "channel": []
    },
    "1126518553928007690": {
        "channel": []
    },
    "1112339845344395375": {
        "channel": []
    },
    "861549981620764672": {
        "channel": []
    },
    "1117538884394438759": {
        "channel": []
    },
    "1127579199910199377": {
        "channel": []
    },
    "1103261925355307069": {
        "channel": []
    },
    "1126411524513218601": {
        "channel": []
    },
    "1090486861069307997": {
        "channel": []
    },
    "868429564114776087": {
        "channel": []
    },
    "987721449383026749": {
        "channel": []
    },
    "860844552692826122": {
        "channel": []
    },
    "1131324756298301440": {
        "channel": []
    },
    "1103688538492506194": {
        "channel": []
    },
    "1048078449945870386": {
        "channel": []
    },
    "1124963436279902238": {
        "channel": []
    },
    "1116792349901733958": {
        "channel": []
    },
    "786889267409453057": {
        "channel": []
    },
    "1076912406799855718": {
        "channel": []
    },
    "1093972206700220548": {
        "channel": []
    },
    "982601205870120981": {
        "channel": []
    },
    "1084666867890786334": {
        "channel": []
    },
    "1123652464831365181": {
        "channel": []
    },
    "1125738167119650816": {
        "channel": []
    },
    "1094247204543266906": {
        "channel": []
    },
    "962215033218154496": {
        "channel": []
    },
    "1067875347879698433": {
        "channel": []
    },
    "1085180450785464360": {
        "channel": []
    },
    "793029744769368084": {
        "channel": []
    },
    "1109879943220953272": {
        "channel": []
    },
    "1067141640759812198": {
        "channel": []
    },
    "1133946554785480735": {
        "channel": []
    },
    "1133794212916244652": {
        "channel": []
    },
    "1131895630399283265": {
        "channel": []
    },
    "1131861786161848340": {
        "channel": []
    },
    "972762933421555783": {
        "channel": []
    },
    "1119995363793838120": {
        "channel": []
    },
    "966375226277511218": {
        "channel": []
    },
    "1130133673149222922": {
        "channel": []
    },
    "1130432680715096114": {
        "channel": []
    },
    "1130715995863011398": {
        "channel": []
    },
    "1090480180369297408": {
        "channel": []
    },
    "1101487085673775248": {
        "channel": []
    },
    "1142661335243571210": {
        "channel": []
    },
    "1162351710681956392": {
        "channel": []
    },
    "1184545090962722907": {
        "channel": []
    },
    "1168866484328599643": {
        "channel": []
    },
    "1183230104256643154": {
        "channel": []
    },
    "1179119598596014193": {
        "channel": []
    },
    "1186705109023998055": {
        "channel": []
    },
    "1190588621456150638": {
        "channel": []
    },
    "1198321756318990488": {
        "channel": []
    },
    "1200414540265951334": {
        "channel": []
    },
    "1201187485863137370": {
        "channel": []
    },
    "1203404288551034910": {
        "channel": []
    },
    "1138812160533856257": {
        "channel": []
    },
    "1151124257552748594": {
        "channel": []
    },
    "1197566270120415284": {
        "channel": []
    },
    "1207693114232537118": {
        "channel": []
    },
    "1196865677663940698": {
        "channel": []
    }
}